0.45317220543806646663,0.71747031742185606982,0.96244245214441482908,0.71102832500144578851,2018-03-13,2,13,3
0.90634441087613293325,0.84976980857765931674,0.96244245214441482908,0.90618555719940235969,2018-03-14,3,14,3
1.6314199395770393,0.89895808093045795982,0.96244245214441482908,1.1642734908839706963,2018-03-15,4,15,3
1.1782477341389728,1.3976253937484856,0.96244245214441482908,1.17943852667729107636,2018-03-16,5,16,3
0.45317220543806646663,1.5417979161618609,0.96244245214441482908,0.98580419124811406524,2018-03-17,6,17,3
0.81570996978851963993,0.6665858977465471287,0.96244245214441482908,0.8149127732264938659,2018-03-18,0,18,3
0.45317220543806646663,0.92779258541313302646,0.96244245214441482908,0.78113574766520477406,2018-03-19,1,19,3
0.3625377643504531733,0.71747031742185606982,0.96244245214441482908,0.68081684463890802407,2018-03-20,2,20,3
0.63444108761329305328,0.84976980857765931674,0.96244245214441482908,0.81555111611178906637,2018-03-21,3,21,3
1.2688821752265861,0.89895808093045795982,0.96244245214441482908,1.04342756943381962963,2018-03-22,4,22,3
0.7250755287009063466,1.3976253937484856,0.96244245214441482908,1.02838112486460225856,2018-03-23,5,23,3
0.7250755287009063466,1.5417979161618609,0.96244245214441482908,1.07643863233572735856,2018-03-24,6,24,3
0.7250755287009063466,0.6665858977465471287,0.96244245214441482908,0.78470129286395610146,2018-03-25,0,25,3
0.63444108761329305328,0.92779258541313302646,0.96244245214441482908,0.84155870839028030294,2018-03-26,1,26,3
0.63444108761329305328,0.71747031742185606982,0.96244245214441482908,0.77145128572652131739,2018-03-27,2,27,3
1.0876132930513595,0.84976980857765931674,0.96244245214441482908,0.96660851792447788194,2018-03-28,3,28,3
2.0845921450151057,0.89895808093045795982,0.96244245214441482908,1.3153308926966594963,2018-03-29,4,29,3
1.9033232628398792,1.3976253937484856,0.96244245214441482908,1.42113036957759320969,2018-03-30,5,30,3
2.5377643504531722,1.5417979161618609,0.96244245214441482908,1.68066823958648264303,2018-03-31,6,31,3
1.896551724137931,0.6665858977465471287,1.0118730312575721,1.1916702177140167429,2018-04-01,0,1,4
0.86206896551724137931,0.92779258541313302646,1.0118730312575721,0.93391152739598216859,2018-04-02,1,2,4
0.43103448275862068966,0.71747031742185606982,1.0118730312575721,0.72012594381268295316,2018-04-03,2,3,4
0.34482758620689655172,0.84976980857765931674,1.0118730312575721,0.73549014201404265615,2018-04-04,3,4,4
0.86206896551724137931,0.89895808093045795982,1.0118730312575721,0.92430002590175714638,2018-04-05,4,5,4
0.25862068965517241379,1.3976253937484856,1.0118730312575721,0.88937303822041003793,2018-04-06,5,6,4
0.60344827586206896552,1.5417979161618609,1.0118730312575721,1.05237307442716732184,2018-04-07,6,7,4
0.60344827586206896552,0.6665858977465471287,1.0118730312575721,0.76063573495539606474,2018-04-08,0,8,4
0.34482758620689655172,0.92779258541313302646,1.0118730312575721,0.76149773429253389273,2018-04-09,1,9,4
0.77586206896551724138,0.71747031742185606982,1.0118730312575721,0.83506847254831513707,2018-04-10,2,10,4
0.43103448275862068966,0.84976980857765931674,1.0118730312575721,0.76422577419795070213,2018-04-11,3,11,4
0.60344827586206896552,0.89895808093045795982,1.0118730312575721,0.83809312935003300845,2018-04-12,4,12,4
0.51724137931034482759,1.3976253937484856,1.0118730312575721,0.97557993477213417586,2018-04-13,5,13,4
0.51724137931034482759,1.5417979161618609,1.0118730312575721,1.02363744224325927586,2018-04-14,6,14,4
1.1206896551724138,0.6665858977465471287,1.0118730312575721,0.9330495280588443429,2018-04-15,0,15,4
0.86206896551724137931,0.92779258541313302646,1.0118730312575721,0.93391152739598216859,2018-04-16,1,16,4
1.2931034482758621,0.71747031742185606982,1.0118730312575721,1.00748226565176342327,2018-04-17,2,17,4
0.60344827586206896552,0.84976980857765931674,1.0118730312575721,0.82169703856576679409,2018-04-18,3,18,4
0.68965517241379310345,0.89895808093045795982,1.0118730312575721,0.86682876153394105442,2018-04-19,4,19,4
0.68965517241379310345,1.3976253937484856,1.0118730312575721,1.03305119913995026782,2018-04-20,5,20,4
0.86206896551724137931,1.5417979161618609,1.0118730312575721,1.13857997097889145977,2018-04-21,6,21,4
0.77586206896551724138,0.6665858977465471287,1.0118730312575721,0.81810699932321215669,2018-04-22,0,22,4
1.1206896551724138,0.92779258541313302646,1.0118730312575721,1.02011842394770630882,2018-04-23,1,23,4
1.1206896551724138,0.71747031742185606982,1.0118730312575721,0.95001100128394732327,2018-04-24,2,24,4
1.4655172413793103,0.84976980857765931674,1.0118730312575721,1.10905336040484723891,2018-04-25,3,25,4
1.7241379310344828,0.89895808093045795982,1.0118730312575721,1.21165634774083761994,2018-04-26,4,26,4
1.4655172413793103,1.3976253937484856,1.0118730312575721,1.29167188879512266667,2018-04-27,5,27,4
1.9827586206896552,1.5417979161618609,1.0118730312575721,1.5121431893696961,2018-04-28,6,28,4
2.7586206896551724,0.6665858977465471287,1.0118730312575721,1.47902653955309720957,2018-04-29,0,29,4
2.4137931034482759,0.92779258541313302646,1.0118730312575721,1.45115290670632700882,2018-04-30,1,30,4
1.429769392033543,0.71747031742185606982,1.3869638962927066,1.17806786858270188994,2018-05-01,2,1,5
1.1048218029350105,0.84976980857765931674,1.3869638962927066,1.11385183593512547225,2018-05-02,3,2,5
0.84486373165618448566,0.89895808093045795982,1.3869638962927066,1.04359523629311634849,2018-05-03,4,3,5
0.45492662473794549228,1.3976253937484856,1.3869638962927066,1.07983863825971256409,2018-05-04,5,4,5
0.45492662473794549228,1.5417979161618609,1.3869638962927066,1.12789614573083766409,2018-05-05,6,5,5
0.58490566037735849008,0.6665858977465471287,1.3869638962927066,0.87948515147220407293,2018-05-06,0,6,5
0.58490566037735849008,0.92779258541313302646,1.3869638962927066,0.96655404736106603885,2018-05-07,1,7,5
0.19496855345911949669,0.71747031742185606982,1.3869638962927066,0.7664675890578940555,2018-05-08,2,8,5
0.19496855345911949669,0.84976980857765931674,1.3869638962927066,0.81056741944316180448,2018-05-09,3,9,5
0.97484276729559748346,0.89895808093045795982,1.3869638962927066,1.08692158150625401443,2018-05-10,4,10,5
0.58490566037735849008,1.3976253937484856,1.3869638962927066,1.12316498347285023003,2018-05-11,5,11,5
0.58490566037735849008,1.5417979161618609,1.3869638962927066,1.17122249094397533003,2018-05-12,6,12,5
0.84486373165618448566,0.6665858977465471287,1.3869638962927066,0.96613784189847940479,2018-05-13,0,13,5
0.71488469601677148787,0.92779258541313302646,1.3869638962927066,1.00988039257420370478,2018-05-14,1,14,5
1.169811320754717,0.71747031742185606982,1.3869638962927066,1.09141517815642655661,2018-05-15,2,15,5
0.58490566037735849008,0.84976980857765931674,1.3869638962927066,0.94054645508257480227,2018-05-16,3,16,5
1.1048218029350105,0.89895808093045795982,1.3869638962927066,1.13024792671939168661,2018-05-17,4,17,5
0.97484276729559748346,1.3976253937484856,1.3869638962927066,1.25314401911226322782,2018-05-18,5,18,5
0.97484276729559748346,1.5417979161618609,1.3869638962927066,1.30120152658338832782,2018-05-19,6,19,5
0.90985324947589098456,0.6665858977465471287,1.3869638962927066,0.98780101450504823775,2018-05-20,0,20,5
0.84486373165618448566,0.92779258541313302646,1.3869638962927066,1.05320673778734137071,2018-05-21,1,21,5
0.71488469601677148787,0.71747031742185606982,1.3869638962927066,0.93977296991044471923,2018-05-22,2,22,5
0.84486373165618448566,0.84976980857765931674,1.3869638962927066,1.02719914550885013413,2018-05-23,3,23,5
0.71488469601677148787,0.89895808093045795982,1.3869638962927066,1.00026889107997868256,2018-05-24,4,24,5
1.2348008385744235,1.3976253937484856,1.3869638962927066,1.3397967095385386,2018-05-25,5,25,5
1.039832285115304,1.5417979161618609,1.3869638962927066,1.32286469918995716667,2018-05-26,6,26,5
1.8846960167714885,0.6665858977465471287,1.3869638962927066,1.3127486036035807429,2018-05-27,0,27,5
1.819706498951782,0.92779258541313302646,1.3869638962927066,1.37815432688587387549,2018-05-28,1,28,5
1.169811320754717,0.71747031742185606982,1.3869638962927066,1.09141517815642655661,2018-05-29,2,29,5
1.8846960167714885,0.84976980857765931674,1.3869638962927066,1.37380990721395147225,2018-05-30,3,30,5
3.5744234800838574,0.89895808093045795982,1.3869638962927066,1.95344848576900731994,2018-05-31,4,31,5
2.5120772946859903,1.3976253937484856,1.8056699781923916,1.9051242222089558,2018-06-01,5,1,6
1.1111111111111111,1.5417979161618609,1.8056699781923916,1.4861930018217879,2018-06-02,6,2,6
1.0144927536231884,0.6665858977465471287,1.8056699781923916,1.16224954318737570957,2018-06-03,0,3,6
0.53140096618357487923,0.92779258541313302646,1.8056699781923916,1.08828784326303316856,2018-06-04,1,4,6
0.72463768115942028986,0.71747031742185606982,1.8056699781923916,1.08259265892455598656,2018-06-05,2,5,6
0.43478260869565217391,0.84976980857765931674,1.8056699781923916,1.03007413182190103022,2018-06-06,3,6,6
0.43478260869565217391,0.89895808093045795982,1.8056699781923916,1.04647022260616724458,2018-06-07,4,7,6
0.48309178743961352657,1.3976253937484856,1.8056699781923916,1.22879571979349690886,2018-06-08,5,8,6
0.3381642512077294686,1.5417979161618609,1.8056699781923916,1.2285440485206606562,2018-06-09,6,9,6
0.38647342995169082126,0.6665858977465471287,1.8056699781923916,0.95290976863020984999,2018-06-10,0,10,6
0.38647342995169082126,0.92779258541313302646,1.8056699781923916,1.03997866451907181591,2018-06-11,1,11,6
0.53140096618357487923,0.71747031742185606982,1.8056699781923916,1.01818042059927418302,2018-06-12,2,12,6
0.86956521739130434783,0.84976980857765931674,1.8056699781923916,1.17500166805378508819,2018-06-13,3,13,6
0.82125603864734299517,0.89895808093045795982,1.8056699781923916,1.17529469925673085166,2018-06-14,4,14,6
0.96618357487922705314,1.3976253937484856,1.8056699781923916,1.38982631560670141771,2018-06-15,5,15,6
0.48309178743961352657,1.5417979161618609,1.8056699781923916,1.27685322726462200886,2018-06-16,6,16,6
0.72463768115942028986,0.6665858977465471287,1.8056699781923916,1.06563118569945300619,2018-06-17,0,17,6
0.62801932367149758454,0.92779258541313302646,1.8056699781923916,1.12049396242567407033,2018-06-18,1,18,6
0.77294685990338164251,0.71747031742185606982,1.8056699781923916,1.09869571850587643744,2018-06-19,2,19,6
0.43478260869565217391,0.84976980857765931674,1.8056699781923916,1.03007413182190103022,2018-06-20,3,20,6
1.1111111111111111,0.89895808093045795982,1.8056699781923916,1.27191305674465355327,2018-06-21,4,21,6
0.57971014492753623188,1.3976253937484856,1.8056699781923916,1.26100183895613781063,2018-06-22,5,22,6
0.86956521739130434783,1.5417979161618609,1.8056699781923916,1.40567770391518561594,2018-06-23,6,23,6
1.3043478260869565,0.6665858977465471287,1.8056699781923916,1.25886790067529840957,2018-06-24,0,24,6
1.4009661835748792,0.92779258541313302646,1.8056699781923916,1.37814291572680127549,2018-06-25,1,25,6
1.78743961352657,0.71747031742185606982,1.8056699781923916,1.43685996971360588994,2018-06-26,2,26,6
1.8357487922705314,0.84976980857765931674,1.8056699781923916,1.49706285968019410558,2018-06-27,3,27,6
1.8840579710144928,0.89895808093045795982,1.8056699781923916,1.52956201004578078661,2018-06-28,4,28,6
2.2705314009661836,1.3976253937484856,1.8056699781923916,1.8246089243023536,2018-06-29,5,29,6
2.3671497584541063,1.5417979161618609,1.8056699781923916,1.9048725509361196,2018-06-30,6,30,6
1.86,0.6665858977465471287,1.3084565059365156,1.2783474678943542429,2018-07-01,0,1,7
1.1022222222222222,0.92779258541313302646,1.3084565059365156,1.11282377119062360882,2018-07-02,1,2,7
1.5844444444444444,0.71747031742185606982,1.3084565059365156,1.20345708926760535661,2018-07-03,2,3,7
0.34444444444444444483,0.84976980857765931674,1.3084565059365156,0.83422358631953978719,2018-07-04,3,4,7
0.75777777777777777862,0.89895808093045795982,1.3084565059365156,0.98839745488158377948,2018-07-05,4,5,7
0.48222222222222222276,1.3976253937484856,1.3084565059365156,1.06276804063574114092,2018-07-06,5,6,7
0.27555555555555555586,1.5417979161618609,1.3084565059365156,1.04193665921797735195,2018-07-07,6,7,7
0.89555555555555555655,0.6665858977465471287,1.3084565059365156,0.95686598641287276175,2018-07-08,0,8,7
0.41333333333333333379,0.92779258541313302646,1.3084565059365156,0.88319414156099398675,2018-07-09,1,9,7
0.55111111111111111172,0.71747031742185606982,1.3084565059365156,0.85901264482316092718,2018-07-10,2,10,7
0.75777777777777777862,0.84976980857765931674,1.3084565059365156,0.97200136409731756512,2018-07-11,3,11,7
0.68888888888888888965,0.89895808093045795982,1.3084565059365156,0.96543449191862081649,2018-07-12,4,12,7
0.89555555555555555655,1.3976253937484856,1.3084565059365156,1.20054581841351891885,2018-07-13,5,13,7
0.96444444444444444552,1.5417979161618609,1.3084565059365156,1.27156628884760698184,2018-07-14,6,14,7
1.1022222222222222,0.6665858977465471287,1.3084565059365156,1.0257548753017616429,2018-07-15,0,15,7
0.96444444444444444552,0.92779258541313302646,1.3084565059365156,1.06689784526469769066,2018-07-16,1,16,7
0.27555555555555555586,0.71747031742185606982,1.3084565059365156,0.76716079297130907523,2018-07-17,2,17,7
0.55111111111111111172,0.84976980857765931674,1.3084565059365156,0.90311247520842867615,2018-07-18,3,18,7
0.27555555555555555586,0.89895808093045795982,1.3084565059365156,0.82765671414084303856,2018-07-19,4,19,7
0.75777777777777777862,1.3976253937484856,1.3084565059365156,1.15461989248759299287,2018-07-20,5,20,7
0.68888888888888888965,1.5417979161618609,1.3084565059365156,1.17971443699575512988,2018-07-21,6,21,7
0.89555555555555555655,0.6665858977465471287,1.3084565059365156,0.95686598641287276175,2018-07-22,0,22,7
0.96444444444444444552,0.92779258541313302646,1.3084565059365156,1.06689784526469769066,2018-07-23,1,23,7
1.0333333333333333,0.71747031742185606982,1.3084565059365156,1.01975338556390165661,2018-07-24,2,24,7
0.62000000000000000069,0.84976980857765931674,1.3084565059365156,0.92607543817139163914,2018-07-25,3,25,7
1.0333333333333333,0.89895808093045795982,1.3084565059365156,1.08024930673343561994,2018-07-26,4,26,7
1.3088888888888889,1.3976253937484856,1.3084565059365156,1.3383235961912967,2018-07-27,5,27,7
2.0666666666666667,1.5417979161618609,1.3084565059365156,1.6389736962550144,2018-07-28,6,28,7
2.2733333333333333,0.6665858977465471287,1.3084565059365156,1.41612524567213200957,2018-07-29,0,29,7
2.1355555555555556,0.92779258541313302646,1.3084565059365156,1.45726821563506807549,2018-07-30,1,30,7
2.48,0.71747031742185606982,1.3084565059365156,1.50197560778612388994,2018-07-31,2,31,7
2.3498694516971279,0.84976980857765931674,1.11364187060819,1.43776037696099240558,2018-08-01,3,1,8
1.0966057441253264,0.89895808093045795982,1.11364187060819,1.03640189855465811994,2018-08-02,4,2,8
0.78328981723237597707,1.3976253937484856,1.11364187060819,1.09818569386301719236,2018-08-03,5,3,8
0.46997389033942558624,0.6665858977465471287,1.11364187060819,0.75006721956472090498,2018-08-05,0,5,8
0.86161879895561357477,0.92779258541313302646,1.11364187060819,0.96768441832564553374,2018-08-06,1,6,8
0.62663185378590078165,0.71747031742185606982,1.11364187060819,0.81924801393864895049,2018-08-07,2,7,8
0.78328981723237597707,0.84976980857765931674,1.11364187060819,0.9155671654727417646,2018-08-08,3,8,8
0.39164490861618798853,0.89895808093045795982,1.11364187060819,0.80141495338494531612,2018-08-09,4,9,8
0.31331592689295039083,1.3976253937484856,1.11364187060819,0.94152773041654199694,2018-08-10,5,10,8
0.86161879895561357477,1.5417979161618609,1.11364187060819,1.17235286190855482492,2018-08-11,6,11,8
0.46997389033942558624,0.6665858977465471287,1.11364187060819,0.75006721956472090498,2018-08-12,0,12,8
0.86161879895561357477,0.92779258541313302646,1.11364187060819,0.96768441832564553374,2018-08-13,1,13,8
0.31331592689295039083,0.71747031742185606982,1.11364187060819,0.71480937164099882022,2018-08-14,2,14,8
1.566579634464752,0.84976980857765931674,1.11364187060819,1.17666377121686710558,2018-08-15,3,15,8
0.70496083550913837936,0.89895808093045795982,1.11364187060819,0.90585359568259544639,2018-08-16,4,16,8
0.93994778067885117248,1.3976253937484856,1.11364187060819,1.15040501501184225749,2018-08-17,5,17,8
0.70496083550913837936,1.5417979161618609,1.11364187060819,1.12013354075972975979,2018-08-18,6,18,8
1.2532637075718016,0.6665858977465471287,1.11364187060819,1.0111638253088462429,2018-08-19,0,19,8
0.78328981723237597707,0.92779258541313302646,1.11364187060819,0.94157475775123300118,2018-08-20,1,20,8
0.78328981723237597707,0.71747031742185606982,1.11364187060819,0.87146733508747401563,2018-08-21,2,21,8
0.54830287206266318395,0.84976980857765931674,1.11364187060819,0.8372381837495041669,2018-08-22,3,22,8
0.86161879895561357477,0.89895808093045795982,1.11364187060819,0.95807291683142051153,2018-08-23,4,23,8
0.62663185378590078165,1.3976253937484856,1.11364187060819,1.04596637271419212722,2018-08-24,5,24,8
1.2532637075718016,1.5417979161618609,1.11364187060819,1.3029011647806175,2018-08-25,6,25,8
1.0966057441253264,0.6665858977465471287,1.11364187060819,0.95894450416002117623,2018-08-26,0,26,8
1.4099216710182768,0.92779258541313302646,1.11364187060819,1.15045204234653327549,2018-08-27,1,27,8
1.566579634464752,0.71747031742185606982,1.11364187060819,1.13256394083159935661,2018-08-28,2,28,8
1.6449086161879896,0.84976980857765931674,1.11364187060819,1.20277343179127963891,2018-08-29,3,29,8
1.6449086161879896,0.89895808093045795982,1.11364187060819,1.21916952257554585327,2018-08-30,4,30,8
2.4281984334203655,1.3976253937484856,1.11364187060819,1.6464885659256804,2018-08-31,5,31,8
2.5913621262458472,1.5417979161618609,0.87521201841531378717,1.66945735360767396239,2018-09-01,6,1,9
2.292358803986711,0.6665858977465471287,0.87521201841531378717,1.27805224004952397196,2018-09-02,0,2,9
1.0963455149501661,0.92779258541313302646,0.87521201841531378717,0.96645003959287097121,2018-09-03,1,3,9
0.39867109634551495149,0.71747031742185606982,0.87521201841531378717,0.66378447739422826949,2018-09-04,2,4,9
0.19933554817275747575,0.84976980857765931674,0.87521201841531378717,0.64143912505524352655,2018-09-05,3,5,9
0.99667774086378737873,0.89895808093045795982,0.87521201841531378717,0.92361594673651970857,2018-09-06,4,6,9
0.79734219269102990298,1.3976253937484856,0.87521201841531378717,1.02339320161827643005,2018-09-07,5,7,9
0.99667774086378737873,1.5417979161618609,0.87521201841531378717,1.13789589181365402197,2018-09-08,6,8,9
0.19933554817275747575,0.6665858977465471287,0.87521201841531378717,0.58037782144487279721,2018-09-09,0,9,9
0.09966777408637873787,0.92779258541313302646,0.87521201841531378717,0.63422412597160851717,2018-09-10,1,10,9
0.39867109634551495149,0.71747031742185606982,0.87521201841531378717,0.66378447739422826949,2018-09-11,2,11,9
0.19933554817275747575,0.84976980857765931674,0.87521201841531378717,0.64143912505524352655,2018-09-12,3,12,9
0.79734219269102990298,0.89895808093045795982,0.87521201841531378717,0.85717076401226721666,2018-09-13,4,13,9
0.29900332225913621362,1.3976253937484856,0.87521201841531378717,0.85728024480764520026,2018-09-14,5,14,9
0.99667774086378737873,1.5417979161618609,0.87521201841531378717,1.13789589181365402197,2018-09-15,6,15,9
1.1960132890365449,0.6665858977465471287,0.87521201841531378717,0.91260373506613527196,2018-09-16,0,16,9
0.99667774086378737873,0.92779258541313302646,0.87521201841531378717,0.93322744823074473079,2018-09-17,1,17,9
0.69767441860465116511,0.71747031742185606982,0.87521201841531378717,0.76345225148060700737,2018-09-18,2,18,9
0.69767441860465116511,0.84976980857765931674,0.87521201841531378717,0.80755208186587475634,2018-09-19,3,19,9
0.79734219269102990298,0.89895808093045795982,0.87521201841531378717,0.85717076401226721666,2018-09-20,4,20,9
0.59800664451827242724,1.3976253937484856,0.87521201841531378717,0.95694801889402393814,2018-09-21,5,21,9
0.49833887043189368936,1.5417979161618609,0.87521201841531378717,0.97178293500302279218,2018-09-22,6,22,9
1.0963455149501661,0.6665858977465471287,0.87521201841531378717,0.87938114370400900529,2018-09-23,0,23,9
0.89700996677740864085,0.92779258541313302646,0.87521201841531378717,0.90000485686861848483,2018-09-24,1,24,9
0.99667774086378737873,0.71747031742185606982,0.87521201841531378717,0.86312002556698574524,2018-09-25,2,25,9
1.2956810631229236,0.84976980857765931674,0.87521201841531378717,1.00688763003863223464,2018-09-26,3,26,9
0.99667774086378737873,0.89895808093045795982,0.87521201841531378717,0.92361594673651970857,2018-09-27,4,27,9
1.9933554817275748,1.3976253937484856,0.87521201841531378717,1.42206429796379139572,2018-09-28,5,28,9
1.9933554817275748,1.5417979161618609,0.87521201841531378717,1.47012180543491649572,2018-09-29,6,29,9
2.8903654485049834,0.6665858977465471287,0.87521201841531378717,1.47738778822228143862,2018-09-30,0,30,9
3.2706422018348624,0.92779258541313302646,0.63387448509813423788,1.61076975744870988811,2018-10-01,1,1,10
0.99541284403669725227,0.71747031742185606982,0.63387448509813423788,0.78225254885222918666,2018-10-02,2,2,10
0.56880733944954128701,0.84976980857765931674,0.63387448509813423788,0.68415054437511161388,2018-10-03,3,3,10
0.28440366972477064351,0.89895808093045795982,0.63387448509813423788,0.60574541191778761374,2018-10-04,4,4,10
0.71100917431192660877,1.3976253937484856,0.63387448509813423788,0.91416968438618214888,2018-10-05,5,5,10
0.99541284403669725227,1.5417979161618609,0.63387448509813423788,1.05702841509889746338,2018-10-06,6,6,10
0.56880733944954128701,0.6665858977465471287,0.63387448509813423788,0.62308924076474088453,2018-10-07,0,7,10
0.56880733944954128701,0.92779258541313302646,0.63387448509813423788,0.71015813665360285045,2018-10-08,1,8,10
0.56880733944954128701,0.71747031742185606982,0.63387448509813423788,0.6400507139898438649,2018-10-09,2,9,10
0.14220183486238532175,0.84976980857765931674,0.63387448509813423788,0.54194870951272629212,2018-10-10,3,10,10
0.42660550458715596526,0.89895808093045795982,0.63387448509813423788,0.65314602353858272099,2018-10-11,4,11,10
0.42660550458715596526,1.3976253937484856,0.63387448509813423788,0.81936846114459193438,2018-10-12,5,12,10
0.14220183486238532175,1.5417979161618609,0.63387448509813423788,0.77262474537412681988,2018-10-13,6,13,10
0.85321100917431193052,0.6665858977465471287,0.63387448509813423788,0.71789046400633109903,2018-10-14,0,14,10
1.8486238532110092,0.92779258541313302646,0.63387448509813423788,1.13676364124075882145,2018-10-15,1,15,10
0.71100917431192660877,0.71747031742185606982,0.63387448509813423788,0.68745132561063897216,2018-10-16,2,16,10
0.85321100917431193052,0.84976980857765931674,0.63387448509813423788,0.77895176761670182838,2018-10-17,3,17,10
0.56880733944954128701,0.89895808093045795982,0.63387448509813423788,0.70054663515937782824,2018-10-18,4,18,10
0.99541284403669725227,1.3976253937484856,0.63387448509813423788,1.00897090762777236338,2018-10-19,5,19,10
0.42660550458715596526,1.5417979161618609,0.63387448509813423788,0.86742596861571703438,2018-10-20,6,20,10
1.7064220183486239,0.6665858977465471287,0.63387448509813423788,1.00229413373110175553,2018-10-21,0,21,10
0.85321100917431193052,0.92779258541313302646,0.63387448509813423788,0.80495935989519306495,2018-10-22,1,22,10
0.28440366972477064351,0.71747031742185606982,0.63387448509813423788,0.5452494907482536504,2018-10-23,2,23,10
0.99541284403669725227,0.84976980857765931674,0.63387448509813423788,0.82635237923749693563,2018-10-24,3,24,10
0.56880733944954128701,0.89895808093045795982,0.63387448509813423788,0.70054663515937782824,2018-10-25,4,25,10
0.85321100917431193052,1.3976253937484856,0.63387448509813423788,0.96157029600697725613,2018-10-26,5,26,10
0.85321100917431193052,1.5417979161618609,0.63387448509813423788,1.00962780347810235613,2018-10-27,6,27,10
1.8486238532110092,0.6665858977465471287,0.63387448509813423788,1.04969474535189685553,2018-10-28,0,28,10
1.7064220183486239,0.92779258541313302646,0.63387448509813423788,1.08936302961996372145,2018-10-29,1,29,10
2.8440366972477064,0.71747031742185606982,0.63387448509813423788,1.39846049992256556923,2018-10-30,2,30,10
2.5596330275229358,0.84976980857765931674,0.63387448509813423788,1.34775910706624311821,2018-10-31,3,31,10
1.9550561797752809,0.89895808093045795982,0.51756724012599951534,1.12386050027724612505,2018-11-01,4,1,11
1.4662921348314607,1.3976253937484856,0.51756724012599951534,1.12716158956864860511,2018-11-02,5,2,11
0.81460674157303371061,1.5417979161618609,0.51756724012599951534,0.95799063262029804198,2018-11-03,6,3,11
0.97752808988764045273,0.6665858977465471287,0.51756724012599951534,0.72056040925339569892,2018-11-04,0,4,11
0.48876404494382022637,0.92779258541313302646,0.51756724012599951534,0.64470795682765092272,2018-11-05,1,5,11
0.65168539325842696849,0.71747031742185606982,0.51756724012599951534,0.62890765026876085122,2018-11-06,2,6,11
0.32584269662921348424,0.84976980857765931674,0.51756724012599951534,0.56439324844429077211,2018-11-07,3,7,11
0.97752808988764045273,0.89895808093045795982,0.51756724012599951534,0.79801780364803264263,2018-11-08,4,8,11
1.4662921348314607,1.3976253937484856,0.51756724012599951534,1.12716158956864860511,2018-11-09,5,9,11
0.32584269662921348424,1.5417979161618609,0.51756724012599951534,0.79506928430569129986,2018-11-10,6,10,11
1.1404494382022472,0.6665858977465471287,0.51756724012599951534,0.77486752535826461468,2018-11-11,0,11,11
0.81460674157303371061,0.71747031742185606982,0.51756724012599951534,0.68321476637362976526,2018-11-13,2,13,11
1.1404494382022472,0.84976980857765931674,0.51756724012599951534,0.83592882896863534403,2018-11-14,3,14,11
0.81460674157303371061,0.89895808093045795982,0.51756724012599951534,0.74371068754316372859,2018-11-15,4,15,11
0.65168539325842696849,1.3976253937484856,0.51756724012599951534,0.85562600904430402794,2018-11-16,5,16,11
1.4662921348314607,1.5417979161618609,0.51756724012599951534,1.17521909703977370511,2018-11-17,6,17,11
1.1404494382022472,0.6665858977465471287,0.51756724012599951534,0.77486752535826461468,2018-11-18,0,18,11
0.81460674157303371061,0.92779258541313302646,0.51756724012599951534,0.7533221890373887508,2018-11-19,1,19,11
0.65168539325842696849,0.71747031742185606982,0.51756724012599951534,0.62890765026876085122,2018-11-20,2,20,11
1.7921348314606742,0.84976980857765931674,0.51756724012599951534,1.05315729338811101069,2018-11-21,3,21,11
0.97752808988764045273,0.89895808093045795982,0.51756724012599951534,0.79801780364803264263,2018-11-22,4,22,11
0.81460674157303371061,1.3976253937484856,0.51756724012599951534,0.90993312514917294198,2018-11-23,5,23,11
0.48876404494382022637,1.5417979161618609,0.51756724012599951534,0.8493764004105602139,2018-11-24,6,24,11
1.1404494382022472,0.6665858977465471287,0.51756724012599951534,0.77486752535826461468,2018-11-25,0,25,11
0.81460674157303371061,0.92779258541313302646,0.51756724012599951534,0.7533221890373887508,2018-11-26,1,26,11
0.97752808988764045273,0.71747031742185606982,0.51756724012599951534,0.7375218824784986793,2018-11-27,2,27,11
0.32584269662921348424,0.84976980857765931674,0.51756724012599951534,0.56439324844429077211,2018-11-28,3,28,11
1.3033707865168539,0.89895808093045795982,0.51756724012599951534,0.90663203585777045839,2018-11-29,4,29,11
2.2808988764044944,1.3976253937484856,0.51756724012599951534,1.39869717009299317178,2018-11-30,5,30,11
2.5497835497835498,1.5417979161618609,0.67167433971407802271,1.58775193521982957424,2018-12-01,6,1,12
1.341991341991342,0.6665858977465471287,0.67167433971407802271,0.89341719315065571714,2018-12-02,0,2,12
0.53679653679653679305,0.92779258541313302646,0.67167433971407802271,0.71208782064124928074,2018-12-03,1,3,12
0.80519480519480518958,0.71747031742185606982,0.67167433971407802271,0.7314464874435797607,2018-12-04,2,4,12
0.40259740259740259479,0.84976980857765931674,0.67167433971407802271,0.64134718362971331141,2018-12-05,3,5,12
0.26839826839826839653,0.89895808093045795982,0.67167433971407802271,0.61301022968093479302,2018-12-06,4,6,12
0.40259740259740259479,1.3976253937484856,0.67167433971407802271,0.82396571201998873917,2018-12-07,5,7,12
0.67099567099567099131,1.5417979161618609,0.67167433971407802271,0.96148930895720330467,2018-12-08,6,8,12
0.67099567099567099131,0.6665858977465471287,0.67167433971407802271,0.66975196948543204757,2018-12-09,0,9,12
0.67099567099567099131,0.92779258541313302646,0.67167433971407802271,0.75682086537429401349,2018-12-10,1,10,12
0.80519480519480518958,0.71747031742185606982,0.67167433971407802271,0.7314464874435797607,2018-12-11,2,11,12
0.53679653679653679305,0.84976980857765931674,0.67167433971407802271,0.68608022836275804417,2018-12-12,3,12,12
0.40259740259740259479,0.89895808093045795982,0.67167433971407802271,0.65774327441397952577,2018-12-13,4,13,12
1.2077922077922078,1.3976253937484856,0.67167433971407802271,1.0923639804182571409,2018-12-14,5,14,12
1.2077922077922078,1.5417979161618609,0.67167433971407802271,1.1404214878893822409,2018-12-15,6,15,12
0.53679653679653679305,0.6665858977465471287,0.67167433971407802271,0.62501892475238731482,2018-12-16,0,16,12
1.0735930735930736,0.92779258541313302646,0.67167433971407802271,0.89101999957342821639,2018-12-17,1,17,12
0.26839826839826839653,0.71747031742185606982,0.67167433971407802271,0.55251430851140082969,2018-12-18,2,18,12
1.2077922077922078,0.84976980857765931674,0.67167433971407802271,0.90974545202798171315,2018-12-19,3,19,12
1.4761904761904762,0.89895808093045795982,0.67167433971407802271,1.01560763227833739418,2018-12-20,4,20,12
0.80519480519480518958,1.3976253937484856,0.67167433971407802271,0.95816484621912293743,2018-12-21,5,21,12
0.93939393939393938784,1.5417979161618609,0.67167433971407802271,1.05095539842329277018,2018-12-22,6,22,12
1.2077922077922078,0.6665858977465471287,0.67167433971407802271,0.8486841484176109838,2018-12-23,0,23,12
1.0735930735930736,0.92779258541313302646,0.67167433971407802271,0.89101999957342821639,2018-12-24,1,24,12
0.67099567099567099131,0.71747031742185606982,0.67167433971407802271,0.68671344271053502795,2018-12-25,2,25,12
0.40259740259740259479,0.84976980857765931674,0.67167433971407802271,0.64134718362971331141,2018-12-26,3,26,12
0.93939393939393938784,0.89895808093045795982,0.67167433971407802271,0.83667545334615845679,2018-12-27,4,27,12
1.6103896103896104,1.3976253937484856,0.67167433971407802271,1.2265631146173913409,2018-12-28,5,28,12
1.4761904761904762,1.5417979161618609,0.67167433971407802271,1.22988757735547170757,2018-12-29,6,29,12
2.1471861471861472,0.6665858977465471287,0.67167433971407802271,1.16181546154892411714,2018-12-30,0,30,12
2.683982683982684,0.92779258541313302646,0.67167433971407802271,1.42781653636996501639,2018-12-31,1,31,12
0.33941605839416058543,0.71747031742185606982,0.79670462805912284945,0.6178636679583798349,2019-01-01,2,1,1
1.5839416058394161,0.84976980857765931674,0.79670462805912284945,1.07680534749206608873,2019-01-02,3,2,1
0.33941605839416058543,0.89895808093045795982,0.79670462805912284945,0.67835958912791379823,2019-01-03,4,3,1
0.56569343065693430905,1.3976253937484856,0.79670462805912284945,0.9200078174881809195,2019-01-04,5,4,1
0.56569343065693430905,1.5417979161618609,0.79670462805912284945,0.9680653249593060195,2019-01-05,6,5,1
0.79197080291970803267,0.6665858977465471287,0.79670462805912284945,0.75175377624179267027,2019-01-06,0,6,1
0.90510948905109489447,0.92779258541313302646,0.79670462805912284945,0.87653556750778359013,2019-01-07,1,7,1
0.33941605839416058543,0.71747031742185606982,0.79670462805912284945,0.6178636679583798349,2019-01-08,2,8,1
1.1313868613138686,0.84976980857765931674,0.79670462805912284945,0.9259537659835502554,2019-01-09,3,9,1
0.67883211678832117086,0.89895808093045795982,0.79670462805912284945,0.79149827525930066004,2019-01-10,4,10,1
0.90510948905109489447,1.3976253937484856,0.79670462805912284945,1.03314650361956778131,2019-01-11,5,11,1
0.45255474452554744724,1.5417979161618609,0.79670462805912284945,0.93035242958217706556,2019-01-12,6,12,1
0.67883211678832117086,0.6665858977465471287,0.79670462805912284945,0.71404088086466371634,2019-01-13,0,13,1
0.90510948905109489447,0.92779258541313302646,0.79670462805912284945,0.87653556750778359013,2019-01-14,1,14,1
0.90510948905109489447,0.71747031742185606982,0.79670462805912284945,0.80642814484402460458,2019-01-15,2,15,1
1.2445255474452555,0.84976980857765931674,0.79670462805912284945,0.96366666136067922206,2019-01-16,3,16,1
0.56569343065693430905,0.89895808093045795982,0.79670462805912284945,0.75378537988217170611,2019-01-17,4,17,1
1.5839416058394161,1.3976253937484856,0.79670462805912284945,1.25942387588234151648,2019-01-18,5,18,1
1.0182481751824818,1.5417979161618609,0.79670462805912284945,1.11891690646782184982,2019-01-19,6,19,1
0.67883211678832117086,0.6665858977465471287,0.79670462805912284945,0.71404088086466371634,2019-01-20,0,20,1
0.67883211678832117086,0.92779258541313302646,0.79670462805912284945,0.80110977675352568226,2019-01-21,1,21,1
0.45255474452554744724,0.71747031742185606982,0.79670462805912284945,0.65557656333550878884,2019-01-22,2,22,1
0.11313868613138686181,0.84976980857765931674,0.79670462805912284945,0.586537707589389676,2019-01-23,3,23,1
0.33941605839416058543,0.89895808093045795982,0.79670462805912284945,0.67835958912791379823,2019-01-24,4,24,1
1.6970802919708029,1.3976253937484856,0.79670462805912284945,1.29713677125947044982,2019-01-25,5,25,1
0.67883211678832117086,1.5417979161618609,0.79670462805912284945,1.00577822033643497344,2019-01-26,6,26,1
1.0182481751824818,0.6665858977465471287,0.79670462805912284945,0.82717956699605059272,2019-01-27,0,27,1
2.1496350364963504,0.92779258541313302646,0.79670462805912284945,1.29137741665620209197,2019-01-28,1,28,1
3.0547445255474453,0.71747031742185606982,0.79670462805912284945,1.52297315700947473976,2019-01-29,2,29,1
2.2627737226277372,0.84976980857765931674,0.79670462805912284945,1.30308271975483978873,2019-01-30,3,30,1
2.3759124087591241,0.89895808093045795982,0.79670462805912284945,1.35719170591623496976,2019-01-31,4,31,1
2.0253968253968254,1.3976253937484856,0.91591955415556094006,1.44631392443362398002,2019-02-01,5,1,2
0.92063492063492063317,1.5417979161618609,0.91591955415556094006,1.12611746365078082441,2019-02-02,6,2,2
1.1968253968253968,0.6665858977465471287,0.91591955415556094006,0.92644361624250162292,2019-02-03,0,3,2
1.6571428571428571,0.92779258541313302646,0.91591955415556094006,1.16695166557051702217,2019-02-04,1,4,2
0.09206349206349206332,0.71747031742185606982,0.91591955415556094006,0.57515112121363635773,2019-02-05,2,5,2
0.27619047619047618995,0.84976980857765931674,0.91591955415556094006,0.68062661297456548225,2019-02-06,3,6,2
0.5523809523809523799,0.89895808093045795982,0.91591955415556094006,0.78908619582232375993,2019-02-07,4,7,2
0.64444444444444444322,1.3976253937484856,0.91591955415556094006,0.98599646411616366109,2019-02-08,5,8,2
0.5523809523809523799,1.5417979161618609,0.91591955415556094006,1.00336614089945807332,2019-02-09,6,9,2
0.36825396825396825327,0.6665858977465471287,0.91591955415556094006,0.65025314005202544068,2019-02-10,0,10,2
0.73650793650793650653,0.92779258541313302646,0.91591955415556094006,0.86007335869221015768,2019-02-11,1,11,2
0.5523809523809523799,0.71747031742185606982,0.91591955415556094006,0.72859027465278979659,2019-02-12,2,12,2
1.0126984126984127,0.84976980857765931674,0.91591955415556094006,0.9261292584772109856,2019-02-13,3,13,2
1.7492063492063492,0.89895808093045795982,0.91591955415556094006,1.18802799476412269996,2019-02-14,4,14,2
1.6571428571428571,1.3976253937484856,0.91591955415556094006,1.32356260168230121335,2019-02-15,5,15,2
0.73650793650793650653,1.5417979161618609,0.91591955415556094006,1.06474180227511944886,2019-02-16,6,16,2
0.27619047619047618995,0.6665858977465471287,0.91591955415556094006,0.6195653093641947529,2019-02-17,0,17,2
0.46031746031746031658,0.92779258541313302646,0.91591955415556094006,0.76800986662871809437,2019-02-18,1,18,2
0.46031746031746031658,0.71747031742185606982,0.91591955415556094006,0.69790244396495910882,2019-02-19,2,19,2
0.73650793650793650653,0.84976980857765931674,0.91591955415556094006,0.83406576641371892111,2019-02-20,3,20,2
0.36825396825396825327,0.89895808093045795982,0.91591955415556094006,0.72771053444666238438,2019-02-21,4,21,2
0.5523809523809523799,1.3976253937484856,0.91591955415556094006,0.95530863342833297332,2019-02-22,5,22,2
0.82857142857142856985,1.5417979161618609,0.91591955415556094006,1.09542963296295013664,2019-02-23,6,23,2
1.1968253968253968,0.6665858977465471287,0.91591955415556094006,0.92644361624250162292,2019-02-24,0,24,2
2.2095238095238095,0.92779258541313302646,0.91591955415556094006,1.35107864969750115551,2019-02-25,1,25,2
1.7492063492063492,0.71747031742185606982,0.91591955415556094006,1.12753207359458873663,2019-02-26,2,26,2
2.1174603174603175,0.84976980857765931674,0.91591955415556094006,1.29438322673117925227,2019-02-27,3,27,2
3.1301587301587302,0.89895808093045795982,0.91591955415556094006,1.64834545508158303329,2019-02-28,4,28,2
2.7190332326283988,1.3976253937484856,0.96244245214441482908,1.69303369284043307636,2019-03-01,5,1,3
1.8126888217522659,1.5417979161618609,0.96244245214441482908,1.43897639668618054303,2019-03-02,6,2,3
0.54380664652567975995,0.6665858977465471287,0.96244245214441482908,0.72427833213888057258,2019-03-03,0,3,3
1.0876132930513595,0.92779258541313302646,0.96244245214441482908,0.99261611020296911851,2019-03-04,1,4,3
1.1782477341389728,0.71747031742185606982,0.96244245214441482908,0.95272016790174789963,2019-03-05,2,5,3
0.54380664652567975995,0.84976980857765931674,0.96244245214441482908,0.78533963574925130192,2019-03-06,3,6,3
0.63444108761329305328,0.89895808093045795982,0.96244245214441482908,0.83194720689605528073,2019-03-07,4,7,3
0.54380664652567975995,1.3976253937484856,0.96244245214441482908,0.96795816413952672968,2019-03-08,5,8,3
0.7250755287009063466,1.5417979161618609,0.96244245214441482908,1.07643863233572735856,2019-03-09,6,9,3
0.45317220543806646663,0.6665858977465471287,0.96244245214441482908,0.69406685177634280814,2019-03-10,0,10,3
0.54380664652567975995,0.92779258541313302646,0.96244245214441482908,0.8113472280277425385,2019-03-11,1,11,3
